{
    "DriverA": {
        "BASELINE_EYE_AR": 0.4215383670298824,
        "BASELINE_PITCH": 172.6832165576211,
        "BASELINE_YAW": 23.49946267139225,
        "BASELINE_ROLL": 15.813728552566145
    }
}